{
    "123254843": "{\"rating\":4,\"elapsed_days\":1.936759548611111,\"scheduled_days\":2,\"review\":\"20241202123253677\",\"state\":1}",
    "123257491": "{\"rating\":4,\"elapsed_days\":1.9387172569444444,\"scheduled_days\":2,\"review\":\"20241202123256343\",\"state\":3}"
}