{
    "113120217": "{\"rating\":4,\"elapsed_days\":304.3783057986111,\"scheduled_days\":938,\"review\":\"20251216113112851\",\"state\":2}",
    "113153261": "{\"rating\":3,\"elapsed_days\":126.86412034722223,\"scheduled_days\":135,\"review\":\"20251216113151826\",\"state\":2}"
}