{
    "011346537": "{\"rating\":4,\"elapsed_days\":21.02852613425926,\"scheduled_days\":130,\"review\":\"20241216011336194\",\"state\":2}",
    "011359576": "{\"rating\":4,\"elapsed_days\":4.027526747685185,\"scheduled_days\":26,\"review\":\"20241216011348375\",\"state\":2}"
}