{
    "020157410": "{\"rating\":4,\"elapsed_days\":72.05463511574074,\"scheduled_days\":408,\"review\":\"20250215020144290\",\"state\":2}",
    "020231485": "{\"rating\":3,\"elapsed_days\":72.05522939814814,\"scheduled_days\":186,\"review\":\"20250215020230270\",\"state\":2}"
}