{
    "014635857": "{\"rating\":4,\"elapsed_days\":26.497005925925926,\"scheduled_days\":7,\"review\":\"20250714014632688\",\"state\":3}",
    "014725238": "{\"rating\":3,\"elapsed_days\":26.496552199074074,\"scheduled_days\":6,\"review\":\"20250714014724194\",\"state\":3}"
}