{
    "034803853": "{\"rating\":4,\"elapsed_days\":69.13182159722223,\"scheduled_days\":371,\"review\":\"20250219034759766\",\"state\":2}",
    "034818474": "{\"rating\":4,\"elapsed_days\":3.1146613541666666,\"scheduled_days\":21,\"review\":\"20250219034817001\",\"state\":2}"
}