{
    "011657857": "{\"rating\":3,\"elapsed_days\":84.11566543981482,\"scheduled_days\":202,\"review\":\"20250216011655354\",\"state\":2}",
    "01170879": "{\"rating\":4,\"elapsed_days\":84.11413828703704,\"scheduled_days\":463,\"review\":\"20250216011705618\",\"state\":2}"
}