{
    "033256779": "{\"rating\":4,\"elapsed_days\":0.5990623148148149,\"scheduled_days\":6,\"review\":\"20241127033238520\",\"state\":2}",
    "033300761": "{\"rating\":4,\"elapsed_days\":0.5987306597222222,\"scheduled_days\":3,\"review\":\"20241127033259129\",\"state\":1}"
}